city,area_sqft,bedrooms,bathrooms,age_years,distance_km,floor,parking,location_score,furnished,price_lakhs
Bangalore,2139,3,3,32,4.4,18,1,3,0,234.43
Nagpur,1327,4,1,10,29.4,8,1,9,0,89.82
Hyderabad,3230,1,1,15,7.2,9,1,3,1,258.58
Aurangabad,4031,5,3,17,2.9,1,0,2,0,165.28
Bangalore,4951,3,2,29,18.3,0,2,9,0,450.42
Kolkata,3435,2,2,47,22.4,15,1,9,1,235.72
Nashik,4376,3,1,9,1.9,17,1,4,1,219.85
Bangalore,626,2,2,17,20.1,16,1,9,1,130.49
Hyderabad,3677,3,3,37,16.4,5,0,3,0,263.91
Aurangabad,3556,2,1,18,4.0,13,0,7,1,169.47
Nagpur,1103,4,3,35,6.0,14,2,7,0,90.6
Hyderabad,3949,2,1,12,17.5,13,1,8,0,334.08
Hyderabad,4646,2,1,45,9.6,2,0,4,1,332.95
Nashik,4033,1,1,2,28.2,18,2,3,0,165.04
Delhi,3867,2,1,9,24.7,11,1,3,1,356.72
Aurangabad,3868,1,2,37,29.5,1,0,5,1,126.17
Pune,4297,5,3,0,8.5,2,1,1,0,278.0
Hyderabad,2292,1,3,26,29.1,17,1,3,0,145.84
Delhi,3361,4,3,45,13.5,0,0,6,1,319.26
Pune,3976,1,1,7,11.1,19,0,3,1,247.27
Aurangabad,3917,5,2,45,2.5,5,0,5,1,168.23
Mumbai,2145,4,3,41,2.5,4,1,9,1,336.52
Kolkata,1705,3,2,16,21.1,0,1,2,1,81.92
Delhi,3530,3,1,8,14.3,18,2,2,1,361.79
Chennai,3372,1,3,5,7.6,0,1,6,0,281.5
Mumbai,3572,1,2,42,18.8,15,0,6,0,369.0
Kolkata,2354,5,1,24,8.3,11,1,8,0,212.22
Nashik,4521,5,2,38,17.8,7,2,2,0,172.98
Bangalore,3208,2,3,48,11.4,15,2,9,1,351.69
Nagpur,4002,5,3,27,24.9,0,0,2,0,164.56
Chennai,1832,2,1,32,24.8,3,0,1,0,57.89
Nashik,701,4,1,36,14.8,9,2,2,1,31.45
Aurangabad,4007,1,1,8,11.2,10,2,7,0,177.19
Nashik,4712,4,2,17,11.5,16,2,8,1,237.42
Bangalore,1074,5,2,20,24.4,6,0,5,1,118.3
Aurangabad,1036,4,2,1,10.5,11,2,6,1,89.59
Chennai,2125,4,1,42,7.1,6,2,1,1,142.9
Bangalore,2622,4,3,37,3.5,11,0,6,1,290.24
Pune,885,5,3,39,14.5,14,1,8,0,103.24
Nagpur,3781,4,2,35,15.0,1,1,3,0,169.82
Chennai,974,2,2,49,25.4,13,2,1,0,21.82
Pune,917,5,3,42,7.4,12,1,4,1,81.29
Kolkata,4100,4,3,36,12.0,3,1,1,0,245.28
Chennai,1454,5,2,14,24.4,13,1,8,0,150.01
Kolkata,1705,3,2,27,24.9,13,1,5,0,126.4
Aurangabad,4620,2,3,17,12.2,15,2,1,0,177.72
Pune,2490,4,1,33,14.3,6,1,8,1,178.84
Nagpur,4072,3,2,21,9.8,18,1,9,0,242.62
Bangalore,4880,3,3,10,28.0,1,0,2,1,372.71
Hyderabad,4658,5,3,12,4.4,9,2,9,1,459.24
Nashik,3213,3,3,3,28.1,17,0,8,0,158.5
Mumbai,2703,2,3,21,20.8,16,0,7,1,317.67
Nagpur,3620,2,1,6,16.4,4,2,3,1,175.28
Pune,1466,1,3,42,1.9,11,1,2,1,85.43
Hyderabad,3932,2,2,23,14.8,5,0,7,1,318.7
Nagpur,1188,3,1,3,12.8,8,2,5,1,91.55
Pune,4743,2,3,27,5.7,19,1,6,1,322.11
Delhi,4201,5,1,14,20.0,0,2,4,1,402.22
Delhi,841,1,2,0,29.2,14,0,2,0,45.61
Kolkata,2224,3,3,2,17.3,5,1,9,0,197.19
Nagpur,4922,1,2,13,21.7,18,1,3,1,228.31
Delhi,2292,3,3,37,3.0,17,2,7,1,300.13
Pune,2259,5,3,49,13.1,5,1,8,0,175.8
Kolkata,3712,1,3,0,4.4,12,0,2,0,252.92
Pune,1489,4,3,37,18.8,0,0,6,0,102.75
Kolkata,2762,3,3,37,28.2,12,0,8,0,182.85
Nagpur,2982,4,1,20,20.2,6,2,7,1,152.9
Hyderabad,1451,1,3,47,3.2,14,1,3,1,119.19
Bangalore,1222,4,3,28,11.3,11,1,1,0,112.0
Chennai,3889,4,1,4,17.0,0,1,6,0,313.35
Hyderabad,2579,1,1,48,12.7,14,0,8,0,232.14
Aurangabad,3217,5,1,9,25.2,3,1,6,0,131.38
Pune,2832,4,1,27,24.6,12,0,5,1,163.76
Aurangabad,3876,4,1,20,18.7,4,1,8,0,164.87
Hyderabad,2000,5,1,49,11.8,1,0,2,0,117.03
Kolkata,785,4,3,6,8.4,0,1,1,0,67.92
Chennai,3995,4,3,2,4.1,15,2,1,1,326.69
Chennai,2565,4,2,44,11.3,5,2,4,1,177.81
Mumbai,1268,2,3,46,13.0,15,0,6,1,191.76
Chennai,3557,5,3,19,20.6,13,0,9,0,311.66
Bangalore,4789,4,1,18,20.1,2,1,1,0,362.58
Chennai,2661,5,1,34,3.0,14,1,1,0,214.24
Hyderabad,3793,3,3,3,12.5,2,2,5,1,349.59
Mumbai,1446,3,2,4,6.3,1,1,5,1,241.7
Hyderabad,3835,4,1,0,5.5,0,0,5,0,335.37
Hyderabad,4650,5,3,3,25.0,8,0,6,0,385.59
Nashik,1981,5,3,11,2.2,8,0,8,1,141.03
Mumbai,2401,5,2,26,13.2,6,0,3,0,265.45
Hyderabad,3951,2,2,41,5.9,2,0,9,0,338.01
Nashik,4564,3,1,22,26.5,17,2,1,0,169.43
Nashik,554,5,2,24,17.2,10,2,4,1,44.63
Mumbai,2323,5,3,20,7.7,6,0,9,0,365.79
Aurangabad,3962,2,3,23,15.6,8,1,8,0,172.12
Kolkata,3579,2,2,24,22.2,0,0,9,0,242.56
Bangalore,1332,5,2,44,28.8,13,2,1,0,56.85
Kolkata,4908,1,2,45,7.4,19,0,9,1,363.43
Chennai,3306,5,2,31,26.7,5,2,3,1,231.93
Bangalore,2990,5,1,31,28.1,6,2,9,1,289.4
Chennai,827,2,2,4,27.6,9,0,1,0,38.14
Hyderabad,3810,2,1,35,19.4,6,0,1,1,238.21
Pune,3800,5,3,45,19.3,1,1,9,0,250.46
Mumbai,4175,5,2,41,12.7,3,2,6,1,466.47
Bangalore,3554,5,1,48,22.8,16,1,4,0,298.62
Bangalore,2643,2,2,41,16.4,0,0,7,1,236.1
Hyderabad,1811,5,3,38,20.6,9,2,5,1,168.38
Aurangabad,3691,5,3,15,13.4,18,1,7,1,179.94
Nashik,3038,4,3,32,22.2,14,1,8,0,143.02
Hyderabad,4483,1,2,48,24.9,9,1,8,0,334.91
Delhi,664,3,2,20,5.2,18,0,1,0,78.81
Nashik,4777,1,1,8,25.2,11,0,8,1,219.12
Mumbai,1322,4,3,5,16.7,15,0,6,0,216.2
Nashik,1443,3,2,44,25.5,8,2,4,0,40.58
Aurangabad,4925,5,3,34,13.5,14,0,8,0,212.4
Nashik,1274,4,3,38,12.0,16,2,3,0,73.27
Mumbai,2698,5,1,21,27.5,13,1,4,0,272.48
Aurangabad,3656,2,1,40,8.3,17,1,6,0,160.09
Kolkata,4742,4,1,4,25.5,1,0,7,1,321.25
Bangalore,4195,2,1,41,15.0,3,1,4,1,332.97
Bangalore,3952,4,3,22,15.9,17,0,4,0,354.84
Chennai,1414,4,1,16,9.9,6,2,7,1,164.31
Kolkata,1808,2,1,11,17.6,12,1,6,1,152.18
Kolkata,4677,3,1,22,10.4,14,0,8,0,345.05
Nashik,1013,1,1,15,2.1,0,1,1,0,39.53
Bangalore,2420,5,3,2,8.9,10,1,7,1,302.17
Mumbai,4094,4,1,29,1.2,9,0,7,0,507.38
Nagpur,1909,5,3,21,29.4,4,1,7,1,113.02
Nagpur,3690,2,2,8,29.0,15,1,7,1,182.29
Aurangabad,4991,5,3,28,12.5,10,1,8,1,226.22
Bangalore,2055,2,3,46,22.1,5,1,9,0,191.78
Bangalore,1304,5,1,36,11.0,8,2,9,1,178.19
Nagpur,1779,1,2,22,20.5,12,1,2,0,68.04
Bangalore,4077,1,2,12,24.4,7,1,7,0,360.9
Nashik,3401,1,2,31,28.5,13,0,7,0,147.75
Delhi,1887,1,2,45,12.6,0,2,4,0,136.89
Pune,3261,1,3,46,23.7,16,0,9,0,184.39
Kolkata,3179,1,2,47,8.7,4,0,8,1,211.31
Chennai,2606,2,3,22,29.7,1,0,1,0,137.79
Aurangabad,4723,4,3,44,1.7,8,2,2,0,174.88
Delhi,3268,5,3,16,18.5,3,0,2,0,311.09
Nagpur,4453,1,2,39,20.1,16,0,8,0,220.41
Kolkata,3686,2,1,20,21.0,16,0,1,0,208.49
Bangalore,3780,2,1,1,4.5,17,1,4,1,379.54
Chennai,3073,2,2,36,28.2,15,0,5,0,201.21
Bangalore,3099,4,1,5,6.3,7,2,9,0,371.11
Mumbai,4533,5,1,43,19.1,10,2,7,1,517.98
Mumbai,736,4,3,17,7.5,17,1,8,0,235.6
Chennai,1804,3,3,29,9.9,9,2,9,1,203.46
Chennai,3930,2,2,21,16.8,12,2,7,1,310.48
Nagpur,1801,3,2,32,13.1,16,1,5,1,98.71
Chennai,3041,1,1,29,5.6,17,0,5,1,237.38
Nashik,2551,1,3,16,6.0,9,1,6,0,136.02
Bangalore,941,4,2,42,13.1,15,0,5,0,105.5
Delhi,2576,5,2,31,23.0,19,0,9,1,315.27
Hyderabad,3680,3,2,41,27.0,4,2,3,1,235.47
Chennai,3157,5,2,13,3.4,12,1,3,0,264.77
Aurangabad,4298,4,2,9,12.4,17,2,7,1,205.39
Mumbai,1304,1,2,46,3.9,16,2,7,1,187.41
Nashik,574,5,1,35,1.5,8,0,6,1,57.05
Kolkata,2675,5,3,33,20.2,13,2,3,0,180.89
Hyderabad,4424,1,3,8,18.5,16,1,7,1,376.3
Delhi,2589,3,2,41,5.7,3,2,5,0,269.67
Hyderabad,540,1,3,27,7.8,17,2,7,0,101.41
Chennai,2581,5,3,10,1.7,19,0,2,0,238.21
Nagpur,2122,3,3,13,25.2,14,1,6,1,124.54
Mumbai,841,3,2,38,29.3,10,2,8,1,105.23
Mumbai,4552,1,2,46,4.9,11,0,1,0,444.32
Kolkata,2574,5,3,18,7.7,8,2,4,0,204.52
Nagpur,1145,4,3,14,26.2,12,1,1,0,53.07
Bangalore,4763,5,2,27,27.9,14,2,1,1,375.56
Pune,1109,2,1,23,13.2,14,2,8,1,110.42
Nashik,954,4,3,7,2.5,4,0,7,0,96.5
Mumbai,3453,3,1,42,2.1,18,2,1,0,360.18
Aurangabad,2208,4,3,8,17.6,19,0,2,1,98.34
Mumbai,3972,3,1,46,12.4,13,1,4,0,422.97
Hyderabad,3469,3,1,32,1.8,16,2,1,1,266.4
Mumbai,3528,4,1,32,17.9,17,1,3,1,398.6
Mumbai,3181,3,2,18,1.3,2,1,8,0,418.81
Pune,4129,3,1,2,23.8,1,2,8,0,264.78
Pune,4725,2,1,9,9.9,0,0,8,1,316.49
Delhi,3567,5,1,39,2.2,9,1,6,1,397.17
Bangalore,1886,5,3,46,18.1,18,1,6,1,212.13
Aurangabad,4276,2,1,41,12.5,16,2,5,1,163.2
Mumbai,3366,4,3,0,29.2,11,2,9,1,457.59
Mumbai,3863,1,1,28,16.8,0,2,4,0,383.49
Nashik,4624,1,1,49,9.0,11,2,7,1,211.61
Pune,648,1,2,33,21.6,16,2,1,1,11.69
Aurangabad,4350,2,3,12,8.9,2,2,9,1,194.92
Kolkata,2558,2,1,0,27.2,10,0,7,0,178.45
Delhi,1636,3,3,33,11.9,16,1,9,0,225.84
Bangalore,686,1,3,28,16.9,2,0,7,1,67.48
Nagpur,3354,4,2,47,2.5,7,0,2,1,155.47
Bangalore,1750,4,2,46,13.4,19,2,6,0,194.58
Hyderabad,1833,1,2,12,25.1,3,1,4,0,148.67
Mumbai,4693,1,2,47,24.4,6,0,3,0,411.21
Delhi,4650,1,2,48,7.5,13,2,2,0,424.95
Hyderabad,3211,2,2,28,7.6,13,2,6,1,294.3
Aurangabad,2285,2,2,38,24.7,3,1,8,0,89.96
Nagpur,1250,2,2,23,28.0,15,0,6,1,66.19
Pune,2262,5,1,25,3.8,0,0,9,1,213.97
Delhi,4420,4,3,16,14.1,16,0,5,0,449.35
Delhi,4960,4,2,6,10.8,9,2,2,0,477.16
Mumbai,981,3,2,12,26.2,15,1,8,0,181.96
Chennai,653,2,3,4,3.4,15,1,9,0,156.53
Delhi,2024,5,1,25,7.1,7,0,4,1,229.72
Nashik,2620,5,3,48,22.8,6,2,6,1,122.04
Nagpur,2843,4,3,2,2.5,5,0,8,1,193.07
Nagpur,1740,2,2,6,15.3,15,1,9,0,128.7
Nashik,560,3,3,48,13.8,19,2,5,1,46.19
Kolkata,1438,2,3,38,10.7,15,0,6,0,106.51
Nashik,2139,1,2,0,12.4,6,0,4,1,98.51
Nashik,4620,2,2,48,16.4,8,2,5,0,191.95
Nagpur,4726,1,2,16,5.7,13,1,7,1,252.14
Bangalore,4069,1,2,42,17.6,10,2,9,1,375.95
Nagpur,1752,3,3,24,24.4,13,0,6,0,101.49
Chennai,4703,4,3,2,23.0,6,0,6,1,367.0
Mumbai,671,2,1,14,5.5,0,0,8,1,160.47
Hyderabad,1958,1,1,28,5.3,12,0,4,0,174.67
Bangalore,4049,2,3,42,8.8,19,1,3,0,343.22
Pune,4697,4,1,31,11.5,2,1,7,0,304.07
Hyderabad,2822,4,3,25,12.8,19,0,5,0,265.68
Mumbai,2136,5,1,15,20.7,3,1,2,0,234.13
Chennai,3615,4,2,24,2.6,10,1,2,1,282.25
Chennai,4590,3,1,27,2.0,1,1,6,0,371.17
Pune,3504,1,2,8,12.4,13,0,8,1,259.63
Bangalore,829,5,2,0,21.2,11,2,1,1,83.79
Kolkata,4140,3,2,28,6.6,16,2,6,0,285.75
Nashik,4394,2,2,21,19.6,11,2,2,1,174.55
Bangalore,4607,1,1,15,8.5,11,0,2,1,391.68
Kolkata,1841,4,3,40,26.7,0,1,7,0,118.18
Chennai,4163,1,2,43,27.0,12,1,1,1,237.87
Nagpur,715,2,1,40,9.6,13,0,6,0,49.75
Mumbai,838,5,2,6,7.7,1,0,7,0,188.63
Pune,4562,5,1,13,12.9,11,2,8,0,329.64
Mumbai,3208,5,1,28,8.0,15,2,7,1,423.85
Aurangabad,3652,4,1,18,20.5,3,0,6,1,147.8
Aurangabad,2250,3,3,18,25.0,7,2,9,1,108.44
Bangalore,2921,3,1,1,20.5,1,1,3,1,240.01
Chennai,1209,1,1,40,24.9,9,0,6,0,79.15
Chennai,4226,4,3,44,12.5,8,0,4,1,298.39
Nashik,4142,5,3,14,5.5,14,1,2,0,195.58
Nashik,4493,5,1,2,22.4,12,1,1,1,199.23
Nashik,988,2,3,10,11.5,16,1,1,1,60.71
Nagpur,546,2,2,45,20.5,15,2,3,1,19.21
Hyderabad,3859,5,2,29,8.8,1,0,4,1,308.23
Delhi,900,5,3,39,3.4,19,2,2,1,133.06
Hyderabad,4490,4,3,17,29.8,19,1,1,0,327.68
Mumbai,3657,3,1,47,5.5,13,2,4,1,426.59
Hyderabad,4845,2,3,1,29.7,2,1,7,1,388.25
Nagpur,890,3,1,31,29.3,11,2,6,1,51.4
Mumbai,4353,4,2,7,24.0,7,2,6,1,493.87
Hyderabad,4930,5,3,21,20.1,1,1,9,0,402.55
Nagpur,1128,3,1,5,17.8,3,2,2,1,61.01
Delhi,4732,5,1,11,26.1,13,0,4,0,449.47
Hyderabad,3430,5,2,46,9.4,15,2,5,1,314.92
Nagpur,2021,1,3,39,14.6,18,2,1,0,82.74
Nashik,1326,3,2,35,19.0,1,0,8,0,64.81
Chennai,2000,3,1,14,12.9,11,1,8,0,200.81
Nashik,3794,5,1,27,13.4,13,0,6,0,182.93
Chennai,2919,4,3,48,10.6,5,2,5,0,220.37
Pune,1434,1,1,44,17.4,12,1,8,1,104.75
Pune,3542,5,3,17,25.7,3,2,3,0,208.45
Pune,4997,2,2,1,6.8,17,2,3,1,328.57
Delhi,1966,2,3,12,28.1,11,0,2,0,168.69
Nashik,4061,1,3,44,21.0,19,0,5,0,167.61
Chennai,1114,4,1,14,24.9,18,1,3,1,81.25
Nagpur,1682,5,1,19,17.1,7,1,3,0,81.71
Mumbai,3723,3,3,28,23.6,6,1,6,0,370.7
Nagpur,3167,1,1,41,1.5,15,2,8,0,180.84
Mumbai,630,4,1,28,24.7,18,0,2,0,43.67
Aurangabad,3483,3,1,2,2.2,5,0,4,1,160.97
Nagpur,4778,2,3,18,26.8,19,0,7,0,228.53
Hyderabad,4959,2,1,2,29.8,10,1,1,0,335.77
Hyderabad,538,3,3,13,9.5,4,0,1,1,60.6
Bangalore,4459,1,1,39,7.1,15,0,7,1,415.25
Nashik,4087,2,2,3,23.2,6,0,7,0,189.64
Mumbai,1420,5,1,10,8.3,4,1,1,0,198.45
Mumbai,3269,3,1,30,26.1,10,0,1,1,282.5
Nashik,4611,3,3,42,4.0,14,1,4,0,208.87
Delhi,992,2,3,31,4.7,2,0,5,1,124.82
Bangalore,1631,1,1,26,29.4,4,0,5,0,90.12
Delhi,4021,5,2,29,20.5,4,0,4,1,380.84
Delhi,810,1,1,42,25.6,8,1,8,1,93.69
Delhi,1238,4,1,1,10.4,14,1,7,1,214.7
Nashik,3741,4,2,48,20.6,2,0,9,0,156.98
Delhi,1045,2,3,8,18.2,5,2,7,0,148.98
Hyderabad,2961,2,1,27,18.5,16,1,1,0,197.7
Pune,4846,2,3,30,20.8,7,1,7,0,289.01
Aurangabad,2304,4,3,33,17.7,10,0,1,1,81.2
Mumbai,3712,1,2,14,13.4,5,2,7,1,459.96
Mumbai,4310,1,2,47,9.0,7,0,8,1,492.53
Aurangabad,1313,2,3,24,23.3,9,1,9,0,73.3
Nashik,4624,5,1,35,7.6,2,1,3,0,181.68
Nagpur,2532,1,3,7,21.1,13,0,4,0,114.17
Nashik,4913,4,1,8,7.8,13,0,4,1,227.58
Mumbai,744,3,1,36,19.1,9,2,9,0,132.21
Mumbai,771,3,2,47,22.7,11,2,7,0,112.75
Aurangabad,4011,3,1,44,7.3,5,1,3,1,145.16
Delhi,2271,5,1,38,2.7,11,2,5,1,287.62
Nashik,1762,2,3,31,4.8,13,2,7,0,106.69
Chennai,2924,4,2,16,18.6,1,1,8,1,243.84
Aurangabad,4861,5,1,34,25.6,8,1,1,0,154.21
Hyderabad,1420,4,1,36,2.3,9,1,2,1,152.16
Mumbai,3930,4,2,18,22.3,16,1,7,1,468.01
Aurangabad,4935,2,3,43,10.9,16,0,2,1,184.57
Nashik,4984,3,2,28,14.9,2,1,7,0,211.29
Mumbai,3124,2,2,6,27.9,18,1,9,0,417.44
Nagpur,4260,5,1,27,10.6,0,1,2,0,192.42
Aurangabad,2550,5,1,8,14.5,11,2,7,1,135.69
Bangalore,4000,5,3,27,1.4,6,1,4,1,397.38
Mumbai,1665,2,1,5,3.4,3,0,2,1,217.6
Nashik,875,4,1,28,8.5,9,0,7,1,75.05
Pune,2533,4,2,16,1.8,12,1,5,0,197.07
Chennai,645,1,1,15,19.3,1,0,1,0,10.0
Kolkata,4888,5,3,22,13.4,9,2,5,0,338.83
Delhi,931,4,2,30,16.9,3,1,3,1,98.52
Kolkata,1204,1,3,2,6.1,17,0,7,1,151.66
Nashik,3132,4,2,20,9.6,4,0,6,0,156.83
Hyderabad,4994,5,1,25,20.3,18,1,8,1,438.1
Hyderabad,1463,3,2,35,29.0,1,0,5,0,79.08
Pune,2734,5,2,41,2.5,11,1,2,1,169.29
Delhi,2541,2,1,36,26.8,16,0,9,1,261.28
Bangalore,2328,4,1,21,17.7,9,2,8,0,270.59
Pune,2608,4,3,41,17.4,1,0,6,0,158.82
Kolkata,4568,2,3,11,15.5,5,0,7,1,315.63
Pune,1438,2,1,41,3.0,7,1,9,0,133.38
Kolkata,1306,3,1,12,3.6,18,0,7,0,158.55
Mumbai,1963,4,1,10,18.4,10,1,3,1,228.11
Hyderabad,3915,4,2,15,10.9,11,2,6,1,368.99
Mumbai,510,3,2,7,27.6,8,1,7,1,116.65
Chennai,2368,1,2,39,12.8,1,1,2,0,126.07
Delhi,1384,3,1,39,5.2,7,0,3,1,152.9
Bangalore,4064,5,3,44,21.7,10,2,4,1,338.94
Kolkata,1889,4,1,1,9.5,3,1,6,1,172.75
Bangalore,3901,2,2,29,16.2,9,0,1,1,286.44
Kolkata,4821,5,2,29,21.2,19,0,9,1,358.89
Nashik,1324,4,1,11,27.1,15,1,5,0,67.2
Pune,2765,3,1,9,24.0,7,0,7,1,190.78
Chennai,1436,5,2,43,20.6,3,1,9,1,137.47
Hyderabad,3300,4,2,10,20.7,9,1,9,0,304.26
Kolkata,3053,1,2,14,28.4,11,1,1,1,156.16
Bangalore,4345,1,1,15,9.6,13,2,1,1,370.32
Chennai,2296,2,2,16,1.0,15,1,3,0,201.01
Nagpur,553,4,2,25,8.9,17,0,6,1,67.68
Nagpur,1226,1,3,1,7.3,11,2,2,0,75.89
Mumbai,3236,3,1,49,20.2,17,0,1,1,291.25
Hyderabad,3670,4,3,11,19.4,6,2,1,0,254.06
Nashik,2413,3,3,25,18.2,19,2,5,0,122.62
Bangalore,2096,3,2,22,1.5,6,2,4,1,250.99
Pune,2414,1,1,17,22.1,8,2,1,0,123.37
Pune,2966,4,2,31,10.4,0,0,4,0,173.01
Bangalore,3237,5,1,48,20.3,5,1,3,1,251.19
Delhi,1349,1,3,37,17.1,5,0,2,1,95.57
Nashik,2609,1,1,46,10.9,11,1,9,0,136.43
Chennai,502,4,2,2,4.9,11,0,1,1,58.56
Kolkata,4755,4,2,37,3.7,9,2,7,0,352.54
Delhi,4569,3,2,2,25.1,5,2,4,0,420.87
Kolkata,1392,4,1,29,27.6,16,1,5,1,93.22
Kolkata,2530,3,3,0,19.8,18,1,5,1,200.97
Delhi,3660,1,3,29,4.0,17,0,1,0,326.04
Mumbai,2876,2,1,44,12.7,5,1,6,1,306.82
Nagpur,2433,5,2,31,22.1,18,0,9,1,145.53
Kolkata,1880,1,3,27,23.6,9,1,2,0,93.72
Delhi,4181,4,2,20,4.4,7,1,7,0,469.72
Delhi,1790,5,1,45,1.0,5,1,6,0,219.16
Aurangabad,2140,2,2,12,21.7,6,2,5,0,94.37
Mumbai,3182,2,3,26,11.3,0,2,4,0,334.94
Hyderabad,1487,3,3,35,8.4,17,0,4,0,142.12
Aurangabad,1718,5,2,6,1.4,19,1,6,1,118.69
Aurangabad,1855,3,1,21,16.7,11,0,4,0,77.81
Bangalore,4765,1,2,9,25.7,15,1,5,1,417.52
Nagpur,4635,5,1,38,28.8,9,2,6,1,216.17
Delhi,2060,1,2,14,17.4,9,2,5,0,213.62
Nagpur,1918,3,3,14,15.9,13,1,7,1,121.37
Nashik,1454,5,1,3,3.5,19,1,9,0,130.06
Bangalore,1483,3,1,31,16.9,9,2,7,1,184.26
Hyderabad,1474,5,1,22,12.0,9,2,7,0,183.29
Nagpur,4633,3,3,5,18.6,10,0,4,0,225.47
Pune,4472,2,2,23,12.3,1,2,1,0,238.7
Kolkata,1413,3,3,19,8.0,19,1,8,0,164.33
Nashik,536,2,1,36,3.8,7,0,4,1,34.58
Mumbai,3887,3,2,19,10.1,6,1,1,1,421.56
Hyderabad,2211,5,3,11,3.8,7,0,5,1,233.61
Nashik,3520,5,1,32,6.1,0,1,8,1,185.1
Kolkata,1295,5,1,27,29.6,1,2,4,1,68.9
Bangalore,4536,4,3,7,13.9,17,1,8,0,482.93
Kolkata,3611,1,3,0,16.4,14,0,8,0,280.64
Aurangabad,1824,5,3,36,26.3,0,1,3,0,51.89
Kolkata,817,2,1,21,29.9,4,0,9,0,61.43
Aurangabad,2896,5,3,5,17.9,1,1,3,0,120.8
Bangalore,2662,4,1,20,24.6,19,2,1,1,213.33
Chennai,3245,2,3,31,10.5,2,2,2,0,220.0
Aurangabad,2091,4,1,34,9.9,18,1,6,0,101.34
Mumbai,3611,2,1,14,12.7,17,1,2,1,421.49
Kolkata,4430,3,2,4,20.5,17,1,6,1,334.28
Kolkata,2496,1,3,45,20.8,13,0,1,0,126.14
Mumbai,1812,1,3,49,10.1,7,1,1,0,142.1
Pune,1785,4,1,47,4.9,11,1,5,1,131.33
Delhi,4811,1,1,5,19.3,9,0,9,0,484.19
Chennai,2883,4,1,24,4.7,19,2,8,0,303.55
Hyderabad,3739,4,2,45,17.8,16,1,3,0,281.08
Aurangabad,2639,4,2,39,21.1,10,1,3,1,99.57
Mumbai,2204,1,1,28,21.3,1,2,1,0,155.38
Bangalore,862,4,3,6,22.9,3,2,3,0,69.22
Aurangabad,3104,1,3,39,26.3,0,0,1,1,75.11
Delhi,2216,4,2,12,15.5,14,1,8,1,302.56
Bangalore,4951,5,2,37,22.2,12,1,1,1,379.77
Nashik,4786,4,1,17,19.0,7,0,5,0,201.55
Kolkata,4238,2,3,1,6.4,3,2,9,1,345.7
Nashik,2969,4,1,7,1.7,9,0,7,0,174.49
Aurangabad,1056,3,2,10,9.3,18,2,4,1,70.18
Delhi,1325,4,3,32,13.8,17,0,9,0,199.13
Chennai,3308,2,3,37,18.9,4,2,9,1,265.12
Aurangabad,3219,2,2,47,25.6,18,0,2,0,93.35
Mumbai,4008,1,1,26,6.7,15,2,6,0,483.11
Nagpur,4241,5,1,19,4.6,0,2,4,1,219.56
Aurangabad,2074,4,3,11,28.9,11,2,8,1,114.28
Kolkata,4498,1,2,42,4.1,1,2,7,0,306.71
Kolkata,2629,5,3,30,14.9,7,2,7,1,226.42
Aurangabad,2903,4,2,26,18.0,17,1,9,0,135.99
Bangalore,3829,3,1,31,16.7,15,2,5,1,314.71
Nagpur,1088,4,2,9,3.5,4,1,6,1,100.36
Mumbai,2512,2,1,2,2.7,12,2,1,0,308.64
Aurangabad,2047,2,2,44,4.1,18,1,6,1,103.27
Bangalore,794,3,3,26,18.0,2,1,2,1,60.48
Kolkata,2485,1,1,34,16.8,7,0,6,0,145.83
Kolkata,3617,5,3,30,7.8,11,2,9,0,302.9
Delhi,2190,4,3,14,19.5,1,0,8,1,272.1
Aurangabad,1636,2,1,15,24.8,10,0,9,0,74.86
Nagpur,2564,1,1,12,2.2,11,2,8,1,169.35
Pune,4955,3,3,48,15.4,17,0,3,1,282.6
Nagpur,1507,2,3,34,21.0,12,2,8,0,88.36
Kolkata,3014,3,3,10,8.3,4,0,6,0,221.99
Kolkata,4026,4,3,20,9.9,11,2,6,0,300.03
Nashik,1747,5,1,10,18.8,1,2,6,0,95.42
Kolkata,4402,2,1,29,27.0,4,2,3,0,234.49
Mumbai,1935,2,3,47,24.5,6,1,1,0,107.12
Hyderabad,1071,4,2,34,17.9,11,0,4,1,99.38
Aurangabad,2882,1,2,21,22.2,15,1,6,1,116.37
Nagpur,1745,5,1,37,11.6,7,0,2,0,75.28
Hyderabad,2584,2,3,30,19.6,8,0,7,1,216.11
Bangalore,777,5,3,13,14.5,14,0,7,1,169.22
Pune,2387,2,1,23,6.5,4,1,4,1,153.68
Mumbai,1765,5,2,49,21.4,12,0,4,1,204.12
Nagpur,1540,3,2,48,17.1,4,1,1,0,48.45
Hyderabad,1417,2,2,31,11.4,10,2,2,1,130.69
Pune,1385,5,1,35,27.4,9,0,9,1,114.16
Nashik,3252,1,2,31,1.6,19,0,8,0,173.75
Mumbai,521,3,1,14,10.2,12,2,8,0,154.03
Mumbai,3691,3,1,42,2.6,8,2,9,0,470.36
Nashik,2853,1,3,34,23.2,13,0,7,0,131.12
Aurangabad,1186,5,2,2,21.4,17,2,9,1,95.51
Nashik,784,4,1,15,10.6,14,1,2,0,51.64
Mumbai,4247,1,2,4,20.6,9,1,6,1,485.99
Mumbai,1262,5,2,20,12.5,6,0,3,1,173.82
Hyderabad,2928,1,3,9,22.9,7,1,6,0,239.73
Kolkata,3007,1,2,18,14.2,2,1,3,0,183.48
Pune,528,2,3,24,13.0,14,0,8,0,73.71
Nashik,1406,5,1,3,28.1,15,2,4,0,72.65
Pune,3604,4,2,28,8.3,3,0,6,0,238.21
Nashik,4499,2,1,18,4.5,5,1,9,0,225.38
Bangalore,3494,1,2,42,18.0,0,0,2,1,231.71
Mumbai,3006,1,1,1,29.1,3,0,2,1,270.76
Kolkata,4109,1,2,9,12.0,10,1,7,1,296.41
Hyderabad,4053,5,2,42,2.8,11,1,2,1,315.8
Kolkata,1953,5,2,24,10.8,4,0,2,0,130.25
Kolkata,3856,2,2,19,15.7,15,1,4,0,245.86
Kolkata,1015,4,2,47,5.7,12,1,9,1,132.39
Pune,538,2,2,18,20.1,12,1,8,1,61.92
Nashik,3842,3,2,22,29.9,16,1,2,1,144.98
Chennai,1386,1,2,23,14.1,6,1,8,0,134.61
Bangalore,3344,1,2,10,11.3,7,1,4,0,283.53
Nagpur,2704,1,1,45,12.6,12,2,2,0,107.0
Kolkata,1598,2,3,33,4.3,15,0,7,1,166.78
Aurangabad,2323,2,2,27,26.6,3,1,6,1,80.59
Pune,3701,1,3,4,13.0,7,0,5,0,235.64
Hyderabad,3655,2,2,4,12.2,15,2,1,0,304.33
Nagpur,3593,5,2,20,20.1,9,1,2,1,161.14
Chennai,4030,5,1,11,13.8,11,0,8,1,367.07
Aurangabad,4278,2,1,49,19.8,11,1,1,0,130.74
Chennai,3396,1,3,3,2.8,4,1,3,1,279.97
Nagpur,3953,2,1,48,24.6,15,1,2,0,157.36
Kolkata,4011,2,1,41,28.3,0,1,5,0,207.83
Aurangabad,1488,2,3,19,19.8,8,1,4,1,66.43
Chennai,4616,3,1,37,28.7,11,1,7,1,334.77
Hyderabad,4526,5,2,24,5.4,4,1,5,1,382.51
Nashik,4679,4,3,13,14.8,19,2,8,0,236.29
Mumbai,2182,4,3,10,18.5,2,2,4,1,266.34
Nashik,4463,3,2,31,17.9,4,1,6,1,192.75
Nagpur,1433,2,1,10,12.6,1,1,4,0,68.87
Pune,4098,3,3,17,10.8,13,2,2,0,250.11
Mumbai,3733,3,3,26,4.7,1,2,1,1,355.36
Bangalore,2480,1,2,17,12.4,12,2,1,0,199.5
Hyderabad,2355,5,2,22,5.7,6,1,8,0,263.94
Bangalore,3556,4,1,10,22.3,9,0,4,0,286.69
Aurangabad,1292,2,3,20,7.1,12,0,5,1,73.3
Mumbai,1291,4,1,43,2.7,15,0,8,1,272.78
Bangalore,2309,4,1,4,17.0,13,0,7,0,258.49
Bangalore,2755,5,2,22,18.3,10,1,8,0,306.05
Chennai,4110,4,3,40,26.3,9,0,8,0,294.07
Nashik,2107,4,3,24,17.7,5,2,6,1,113.28
Chennai,1484,3,3,40,11.0,3,2,2,0,87.8
Mumbai,4176,5,2,9,24.3,0,0,6,0,460.96
Mumbai,3880,1,2,21,16.7,6,2,1,1,384.18
Nagpur,1019,2,2,18,3.3,8,1,1,0,59.65
Chennai,1090,4,2,0,17.4,7,0,3,1,104.71
Delhi,1550,2,2,6,27.3,4,0,3,1,131.59
Nashik,4133,1,3,3,12.5,18,1,5,1,204.64
Mumbai,4944,2,1,0,9.6,9,2,1,0,534.42
Nagpur,1459,1,3,14,5.2,10,1,6,0,102.85
Chennai,1192,3,1,39,5.4,14,1,7,1,152.24
Nashik,4399,4,2,11,13.6,5,2,3,0,200.31
Chennai,4973,1,1,21,18.3,14,1,4,1,352.02
Bangalore,3446,2,3,21,3.3,4,2,3,0,315.62
Nagpur,1026,4,3,49,28.2,18,2,1,1,25.93
Nashik,3724,3,1,46,22.9,18,1,8,1,171.58
Kolkata,2753,4,2,16,18.0,9,2,2,0,179.18
Aurangabad,3844,1,2,28,25.0,11,1,1,0,119.56
Aurangabad,4465,3,3,45,3.3,3,2,8,0,192.79
Nashik,2375,2,1,13,14.8,17,0,7,0,136.95
Chennai,2263,3,2,49,19.3,15,2,7,1,163.92
Nagpur,1020,3,2,19,25.0,7,2,4,1,49.96
Aurangabad,1516,5,3,49,23.7,3,1,9,0,68.74
Nagpur,616,3,2,47,9.0,11,2,6,0,58.77
Aurangabad,2933,3,1,32,28.3,1,0,2,1,85.98
Bangalore,1083,4,3,42,4.6,3,0,1,0,89.4
Chennai,894,2,3,14,26.4,4,2,1,0,46.88
Bangalore,4288,4,1,11,29.2,2,2,9,0,389.36
Aurangabad,3268,4,3,39,6.1,8,0,4,0,136.41
Kolkata,4667,1,2,19,21.9,17,1,5,1,299.77
Kolkata,4360,4,2,29,2.2,10,0,3,1,292.49
Bangalore,773,5,1,37,12.8,2,0,4,0,89.26
Kolkata,2513,5,2,2,16.0,1,2,8,1,224.95
Aurangabad,4933,1,1,27,17.8,8,2,4,0,180.97
Nashik,1889,2,1,25,28.1,13,0,9,0,87.34
Bangalore,4066,2,2,29,20.5,3,1,9,0,370.98
Pune,665,4,1,12,15.0,8,0,6,1,92.25
Chennai,2067,4,2,12,24.5,12,0,2,1,145.34
Kolkata,1228,4,3,1,28.6,17,1,7,1,120.93
Kolkata,2543,2,3,36,1.6,14,0,9,1,232.38
Mumbai,4697,3,1,48,29.5,9,0,6,1,438.75
Delhi,3996,5,2,37,3.5,15,2,3,0,394.57
Bangalore,1278,3,2,1,24.6,11,1,7,0,152.45
Hyderabad,713,3,3,35,9.1,19,2,5,1,109.51
Kolkata,4262,2,3,25,4.8,4,2,1,1,263.23
Chennai,2076,3,2,10,13.8,1,1,3,1,174.95
Pune,2948,1,1,7,19.7,9,1,5,0,195.2
Kolkata,3436,4,3,43,12.0,0,0,7,1,242.45
Pune,3617,1,1,39,2.6,6,2,3,0,213.89
Aurangabad,1091,5,1,42,18.4,16,1,6,0,55.48
Aurangabad,3220,4,3,21,27.2,15,2,5,1,129.76
Delhi,1213,3,1,19,12.1,2,2,1,0,119.05
Nashik,1435,5,1,7,7.3,13,1,6,0,104.23
Hyderabad,4837,4,2,28,13.8,9,0,8,1,410.05
Mumbai,501,3,1,39,2.4,6,2,1,0,68.83
Delhi,3348,1,2,25,24.8,16,1,2,1,279.6
Nagpur,4544,4,3,29,25.0,5,0,4,0,202.56
Mumbai,2449,3,3,16,18.1,3,2,2,1,253.98
Bangalore,1417,1,2,19,11.2,16,1,9,1,219.26
Chennai,3674,5,3,15,24.2,8,2,8,0,317.42
Nagpur,2741,5,1,45,17.1,3,1,8,1,152.51
Nagpur,589,5,1,42,25.0,6,1,4,0,14.09
Delhi,2209,5,1,6,19.3,1,2,5,0,238.89
Nashik,2669,2,3,15,23.7,16,2,4,1,133.36
Delhi,4738,4,1,44,18.4,7,1,9,0,463.78
Bangalore,3541,4,3,46,13.0,14,0,2,1,300.59
Kolkata,605,2,1,47,28.8,14,2,8,0,61.19
Kolkata,1386,3,2,26,16.7,7,1,2,0,65.63
Nashik,927,3,3,22,18.5,15,1,1,1,40.48
Bangalore,2395,5,3,23,7.4,18,0,3,0,251.66
Nashik,816,1,1,8,19.1,10,0,9,0,54.73
Pune,1134,3,3,34,17.6,1,0,3,0,50.06
Kolkata,2425,1,3,19,6.4,16,2,9,0,218.64
Nagpur,2556,4,2,36,2.7,15,1,7,0,165.32
Hyderabad,3644,1,2,41,18.5,14,1,1,0,215.27
Chennai,2770,4,1,16,23.1,12,1,5,0,229.72
Bangalore,1939,2,2,46,16.2,14,0,9,0,209.54
Mumbai,1052,2,1,30,7.6,3,1,3,1,110.23
Nashik,1215,5,1,7,20.3,15,2,9,0,103.87
Chennai,4411,3,1,14,3.3,11,0,5,0,362.55
Mumbai,2213,5,3,30,13.8,3,0,9,1,322.92
Chennai,3889,4,2,29,5.7,2,0,6,1,309.76
Hyderabad,1607,5,1,45,6.3,16,0,9,1,208.36
Mumbai,4706,1,2,19,6.9,17,2,7,0,576.69
Delhi,750,4,1,38,12.2,17,1,7,1,135.33
Aurangabad,2930,2,2,11,2.5,16,2,8,1,155.51
Delhi,2554,3,2,48,12.5,11,1,7,0,258.96
Kolkata,958,4,1,16,15.8,3,2,9,0,111.37
Aurangabad,707,4,3,41,15.0,11,0,9,1,64.25
Delhi,1399,1,2,29,12.1,19,0,6,1,192.38
Aurangabad,3961,3,3,28,25.3,14,2,7,0,159.33
Aurangabad,3885,2,3,18,5.2,15,2,2,0,158.49
Nagpur,521,4,1,45,15.7,4,1,9,0,53.52
Nashik,909,4,1,10,2.8,14,2,1,0,63.54
Nashik,1394,1,1,33,3.1,16,2,1,0,63.61
Nagpur,1014,5,2,49,17.6,17,1,3,1,49.53
Chennai,4609,2,1,6,17.4,4,1,6,0,345.21
Pune,2634,3,1,43,26.5,12,1,5,0,139.55
Chennai,4095,4,2,33,17.2,18,2,2,0,290.03
Mumbai,3456,4,2,19,28.8,12,1,9,0,426.13
Mumbai,2060,2,1,49,2.4,17,0,4,0,251.12
Aurangabad,1766,5,1,37,3.8,13,0,4,1,84.95
Delhi,2669,4,1,23,2.3,3,0,5,0,289.08
Delhi,4138,2,1,9,6.4,3,2,8,1,458.27
Nashik,1249,1,3,31,16.7,19,0,4,0,65.56
Bangalore,3927,5,3,14,19.7,19,2,5,1,413.81
Chennai,2427,3,1,36,2.3,18,2,4,1,216.58
Kolkata,4304,4,3,19,28.4,12,0,6,0,278.02
Hyderabad,4202,2,2,2,25.4,11,1,3,0,317.9
Delhi,2856,1,3,36,9.6,6,2,8,0,305.76
Hyderabad,2835,3,3,39,3.2,11,0,6,0,266.73
Aurangabad,806,2,1,7,5.9,3,2,5,0,54.86
Hyderabad,4165,2,3,39,4.7,1,1,2,1,290.77
Kolkata,2489,3,3,43,4.6,1,1,7,0,178.26
Nagpur,1161,1,3,22,16.0,4,0,2,0,40.43
Kolkata,811,1,3,39,8.1,9,2,1,1,57.8
Hyderabad,3420,5,2,10,11.4,9,2,7,0,321.94
Kolkata,1582,4,1,45,29.7,8,2,5,1,83.8
Pune,3471,3,1,7,20.8,12,2,1,0,197.45
Aurangabad,1254,3,2,28,28.5,6,0,4,1,31.87
Chennai,4630,3,3,29,5.1,4,1,4,0,350.66
Nagpur,852,1,2,9,12.1,9,0,7,1,66.6
Delhi,1402,4,3,38,17.1,9,2,9,1,214.71
Mumbai,4388,5,2,27,3.2,5,2,2,0,477.84
Chennai,658,2,1,48,1.1,18,1,1,0,43.67
Mumbai,2477,2,1,35,20.4,7,2,2,0,215.16
Aurangabad,1456,3,1,12,19.6,0,0,7,1,74.42
Nagpur,2571,4,3,31,12.9,16,0,6,1,152.4
Nashik,903,1,3,35,15.2,6,1,4,1,41.22
Delhi,3279,4,2,36,13.0,13,0,1,0,286.15
Pune,1887,4,2,25,1.7,16,0,1,0,135.31
Nashik,3953,1,1,21,10.7,8,0,5,1,177.42
Aurangabad,1455,3,3,3,6.1,16,0,1,0,72.19
Chennai,2212,4,2,30,3.9,4,2,7,1,228.26
Pune,1773,2,3,17,28.7,19,0,1,0,78.66
Kolkata,4311,1,3,37,18.4,7,1,1,0,238.38
Hyderabad,3125,5,1,23,22.1,5,1,2,1,230.21
Pune,2882,3,1,22,10.1,10,0,3,0,191.89
Aurangabad,1941,1,3,21,12.4,18,1,1,0,76.71
Bangalore,3479,5,3,1,7.9,3,0,9,0,404.25
Hyderabad,2297,5,3,30,3.8,17,1,8,0,254.01
Mumbai,4890,4,3,10,6.2,0,1,5,0,582.17
Delhi,4509,4,1,27,24.1,12,0,2,1,399.13
Mumbai,1894,4,2,45,20.6,13,0,5,0,218.66
Pune,4781,1,1,31,16.9,0,2,6,1,278.69
Mumbai,1769,1,2,4,14.8,10,0,1,0,173.23
Aurangabad,4214,3,3,37,27.8,16,0,4,0,143.15
Kolkata,1029,4,2,9,3.1,3,2,9,1,149.02
Chennai,4123,5,1,39,9.1,11,0,2,1,296.09
Delhi,3458,2,1,45,11.1,9,0,5,0,294.67
Mumbai,3414,3,3,23,23.7,5,2,1,0,301.95
Mumbai,4091,1,1,34,29.8,0,0,4,1,350.82
Pune,2647,3,3,43,8.0,6,0,4,1,166.48
Chennai,3869,3,1,47,26.4,15,2,6,1,264.75
Nashik,1439,3,1,22,25.1,13,2,9,1,84.67
Mumbai,1025,3,3,16,7.5,19,1,3,0,164.44
Aurangabad,501,2,2,0,12.6,19,0,9,0,66.61
Bangalore,874,4,1,30,12.9,5,1,6,0,130.26
Delhi,2840,5,2,30,29.4,4,1,7,0,281.21
Mumbai,4505,3,1,41,6.2,17,2,2,0,479.83
Aurangabad,3552,3,1,41,24.2,14,0,6,1,136.36
Aurangabad,2865,3,1,33,10.7,5,0,6,1,125.41
Delhi,2025,4,1,8,22.2,18,2,2,1,220.3
Nashik,4976,1,2,21,13.2,0,1,2,0,190.16
Aurangabad,2146,1,2,12,17.8,0,2,2,1,71.33
Bangalore,513,2,1,24,25.1,12,0,1,0,10.0
Aurangabad,2778,1,1,47,24.3,2,2,5,0,89.17
Aurangabad,3655,3,2,17,26.1,9,0,8,0,148.71
Aurangabad,629,3,3,11,2.7,2,1,2,1,39.15
Kolkata,4314,3,3,39,21.1,8,0,5,0,248.28
Kolkata,3716,2,2,16,5.1,7,1,8,0,287.27
Nashik,3438,3,1,14,13.1,2,1,5,1,153.27
Mumbai,4428,1,1,41,16.9,12,0,2,0,396.89
Aurangabad,2540,4,3,14,12.7,5,0,3,1,114.88
Chennai,527,4,3,14,16.1,12,1,6,0,91.95
Mumbai,2613,5,2,38,29.9,19,2,5,1,282.72
Nashik,1752,1,3,12,4.9,19,0,4,0,103.94
Nagpur,4856,3,2,16,20.6,11,1,4,0,236.42
Mumbai,2546,4,3,31,12.5,12,1,5,1,323.34
Mumbai,4523,1,3,8,4.9,1,2,2,0,457.66
Hyderabad,4896,4,3,39,5.6,15,0,9,1,453.37
Pune,3874,3,1,19,28.5,5,1,2,0,195.99
Hyderabad,3966,4,1,25,26.5,18,2,2,1,290.14
Bangalore,3581,5,1,26,27.3,12,1,9,0,339.97
Kolkata,4278,5,3,20,29.8,16,0,3,0,255.19
Kolkata,1129,4,2,17,7.0,8,2,7,0,145.85
Pune,769,1,2,12,11.3,16,1,4,1,66.93
Delhi,3139,1,2,15,20.4,1,2,6,1,303.24
Delhi,2493,1,2,8,15.0,18,0,4,1,267.21
Nashik,3391,4,1,11,13.1,18,2,7,1,190.09
Pune,3932,1,1,43,11.4,6,0,1,1,205.91
Mumbai,1780,3,3,37,18.2,9,1,3,0,172.32
Delhi,2860,5,3,18,17.7,9,0,3,0,282.31
Aurangabad,1075,3,2,6,5.7,19,1,1,0,62.77
Chennai,1807,1,1,34,14.7,8,1,6,0,146.72
Mumbai,3692,3,2,47,17.1,16,0,9,0,449.06
Bangalore,3678,1,3,17,17.5,14,1,8,1,362.26
Aurangabad,3234,4,3,15,7.1,1,2,7,0,156.0
Aurangabad,2712,3,2,38,22.5,3,1,8,1,113.22
Pune,2852,4,3,3,1.7,18,0,6,0,241.3
Nashik,4068,4,2,24,11.3,16,2,9,1,220.83
Bangalore,2155,2,1,31,23.6,4,2,3,1,153.36
Delhi,2079,1,2,39,17.4,6,1,9,1,234.01
Pune,2703,5,1,12,8.6,17,1,4,0,192.67
Delhi,1890,1,1,44,21.2,6,0,7,0,150.41
Pune,2242,5,3,16,17.5,16,2,9,0,206.6
Pune,2425,1,3,48,24.1,6,0,2,0,86.56
Pune,1119,4,3,36,22.3,3,1,2,1,54.25
Nashik,1774,3,2,5,18.7,7,2,9,1,117.21
Pune,1456,3,2,18,15.2,12,0,3,1,108.85
Nagpur,2439,2,3,12,4.9,3,0,9,1,167.56
Chennai,4453,5,2,25,8.6,5,0,5,0,341.76
Delhi,2881,5,3,13,13.2,4,0,6,1,329.96
Mumbai,1468,5,2,30,18.4,11,0,2,0,123.78
Hyderabad,1816,4,1,3,15.9,3,2,8,1,208.45
Bangalore,1543,5,1,38,9.4,8,0,9,1,194.98
Kolkata,781,3,3,7,1.2,3,2,2,1,90.91
Nashik,3344,4,2,24,15.4,18,0,6,0,160.49
Mumbai,1558,1,2,12,9.3,13,1,6,0,225.44
Aurangabad,4793,5,1,31,22.3,4,1,8,1,199.44
Nagpur,3032,5,1,37,1.7,17,0,5,1,169.35
Kolkata,4328,1,3,37,18.0,9,1,9,1,293.11
Hyderabad,1508,5,1,27,28.3,18,2,1,0,89.58
Mumbai,1729,1,3,29,6.1,11,0,9,0,269.34
Kolkata,1535,4,1,2,14.7,17,2,7,0,157.46
Mumbai,775,3,1,27,3.7,16,0,4,1,147.66
Nagpur,3240,1,2,2,19.1,10,1,3,0,153.11
Hyderabad,2789,2,1,44,17.0,2,2,6,1,216.2
Aurangabad,1739,1,1,33,12.8,16,1,1,0,59.05
Pune,625,5,3,15,16.1,0,1,3,1,42.89
Delhi,4565,4,1,21,27.0,14,0,2,1,397.76
Aurangabad,4812,4,3,31,6.7,8,2,9,0,220.09
Pune,4368,1,1,37,1.7,14,1,3,1,263.3
Nashik,1708,3,1,7,26.0,2,0,2,1,68.56
Chennai,3749,2,3,7,17.7,18,0,4,1,307.8
Bangalore,1418,4,2,5,26.8,12,0,2,0,113.49
Bangalore,4423,5,3,13,18.3,11,1,1,1,372.56
Delhi,4903,5,3,31,24.5,19,0,6,0,496.49
Hyderabad,2469,3,3,34,13.5,0,2,8,0,224.04
Nagpur,3293,4,2,9,22.7,16,2,2,1,161.93
Hyderabad,1391,1,1,2,27.5,12,1,9,0,150.48
Nagpur,4970,5,3,11,17.6,0,2,3,1,250.47
Hyderabad,2533,3,3,48,6.2,9,0,8,0,235.8
Chennai,1864,4,2,30,8.8,14,1,8,1,207.54
Nashik,628,4,3,28,6.8,6,0,3,0,36.6
Nashik,1514,4,1,4,8.2,17,1,3,1,95.37
Pune,2299,4,2,24,9.9,15,1,6,1,177.69
Kolkata,2018,4,1,40,17.1,13,0,1,1,104.32
Nashik,4681,5,1,30,18.1,17,2,4,1,200.07
Nashik,1698,3,2,20,13.4,6,2,1,0,73.05
Aurangabad,4373,4,3,19,18.8,16,1,3,0,172.3
Aurangabad,2974,2,1,38,3.4,17,0,9,1,150.91
Pune,3985,2,1,21,3.5,11,0,5,0,260.73
Kolkata,4549,3,1,3,6.0,7,1,5,1,331.83
Delhi,4219,1,1,12,16.0,1,2,4,1,408.0
Aurangabad,802,1,2,44,7.2,6,0,3,0,21.96
Delhi,4452,1,2,41,9.2,3,2,5,0,409.93
Mumbai,1486,2,1,49,12.6,17,2,4,1,176.96
Aurangabad,2363,1,3,48,24.5,5,1,8,0,91.65
Chennai,4940,5,1,19,1.4,8,1,4,1,404.62
Kolkata,3572,4,3,12,19.8,8,2,8,0,275.95
Pune,3624,2,1,16,20.4,13,0,6,0,216.42
Mumbai,1827,3,3,35,24.2,7,0,5,0,170.24
Kolkata,2908,3,1,32,28.0,18,1,4,0,162.43
Chennai,4173,4,3,0,1.6,2,2,4,0,333.58
Kolkata,3791,2,1,14,5.5,17,0,4,1,278.44
Chennai,4533,1,1,12,26.7,4,0,9,0,331.79
Chennai,1203,1,3,16,14.3,13,1,4,0,112.8
Delhi,1074,5,2,23,17.4,3,2,9,1,187.35
Hyderabad,3732,5,3,7,20.2,6,0,6,1,328.58
Mumbai,3132,1,2,49,20.7,19,1,7,1,364.58
Kolkata,4328,3,1,26,28.0,11,0,3,0,242.03
Nagpur,3730,3,3,44,29.9,1,0,8,0,165.51
Mumbai,988,5,3,22,21.9,10,0,3,1,121.82
Hyderabad,1847,4,3,45,9.3,13,1,1,1,150.74
Mumbai,4181,1,2,7,26.5,15,2,5,1,444.35
Nashik,3673,5,2,7,2.4,19,1,2,1,181.55
Nagpur,2167,5,1,25,7.7,5,2,6,0,143.52
Hyderabad,2137,1,2,46,27.0,3,0,9,0,168.59
Delhi,4614,1,2,12,8.4,14,2,1,0,409.1
Kolkata,4053,3,1,38,7.4,0,0,4,0,247.59
Bangalore,1500,4,3,36,5.0,6,0,1,0,129.1
Hyderabad,1350,4,3,48,25.9,11,1,1,1,72.6
Pune,1888,1,1,27,15.5,9,0,8,0,146.04
Kolkata,4212,2,3,24,20.6,4,1,2,1,236.48
Hyderabad,1867,5,2,15,7.9,11,2,1,1,168.23
Nashik,1321,5,1,1,23.0,17,2,8,1,103.33
Bangalore,954,1,1,17,23.0,9,0,4,0,58.88
Nashik,2124,2,1,16,10.1,5,1,3,1,84.27
Bangalore,3272,3,3,29,12.9,11,0,4,0,287.13
Pune,4226,1,1,38,7.1,6,1,5,1,261.25
Kolkata,3647,1,1,12,29.3,17,1,1,0,195.33
Delhi,4589,5,1,31,19.7,1,1,1,1,387.95
Nashik,2690,1,3,49,28.1,9,2,3,0,86.99
Nashik,1416,1,2,28,9.8,14,1,6,1,79.95
Chennai,4486,1,1,45,23.7,11,2,1,1,264.59
Bangalore,3375,5,2,29,23.2,16,1,2,1,265.67
Aurangabad,1940,3,3,17,21.1,3,2,7,1,91.46
Kolkata,4900,3,3,12,29.0,6,2,1,0,276.38
Bangalore,1235,1,3,42,12.4,8,2,7,0,135.83
Chennai,4068,5,3,20,4.8,18,0,4,0,333.04
Mumbai,3838,3,2,29,20.5,6,1,6,1,406.94
Bangalore,3515,3,1,20,22.1,1,0,8,1,322.67
Delhi,3389,3,3,47,17.7,5,1,9,1,362.91
Kolkata,1461,5,3,16,7.0,17,1,6,1,167.41
Chennai,3489,5,2,39,15.6,5,0,9,1,292.49
Mumbai,4348,1,2,18,10.1,12,2,4,1,505.14
Nagpur,1526,4,3,14,13.4,18,1,6,0,108.35
Chennai,4365,3,1,8,19.7,1,2,8,0,359.37
Nagpur,3363,4,1,9,22.6,11,0,9,0,180.37
Kolkata,3001,5,3,43,7.7,14,2,3,0,218.61
Nashik,2447,5,2,30,12.8,13,1,2,0,111.62
Chennai,1677,5,3,22,8.8,5,1,6,0,194.77
Pune,511,4,3,29,6.8,17,1,4,0,64.08
Nagpur,4899,5,2,32,23.7,4,0,1,0,183.75
Delhi,3864,1,3,8,27.4,17,1,8,1,423.56
Pune,3522,5,3,46,11.7,2,0,9,1,235.32
Hyderabad,3871,2,3,0,22.8,2,2,9,1,354.89
Hyderabad,3330,4,2,43,27.0,9,1,2,1,223.94
Mumbai,542,2,1,34,25.5,18,1,9,1,123.45
Nashik,1443,5,1,10,6.3,2,1,7,1,105.92
Kolkata,2890,1,2,33,28.7,11,2,5,1,173.2
Chennai,3045,3,1,15,11.9,15,1,7,0,279.15
Aurangabad,2911,5,3,8,10.8,16,0,9,0,163.09
Delhi,1504,1,1,31,2.8,6,2,8,1,204.64
Nagpur,520,4,3,14,15.1,12,2,6,0,73.05
Kolkata,906,2,1,11,4.2,1,2,4,0,88.13
Pune,1514,2,2,32,8.2,3,2,1,0,82.2
Hyderabad,4931,2,1,44,10.2,9,2,6,0,388.36
Delhi,2338,4,1,13,24.5,6,0,3,0,213.84
Aurangabad,3688,1,1,7,26.4,16,2,6,1,156.06
Chennai,1214,4,2,7,9.8,19,1,6,0,165.17
Mumbai,4646,2,1,26,25.9,5,2,4,1,455.24
Aurangabad,4354,5,2,11,25.9,18,2,2,1,171.92
Delhi,4919,3,3,0,23.2,4,2,9,1,540.36
Aurangabad,640,4,1,42,5.3,9,2,2,0,25.09
Delhi,1463,4,2,39,21.0,8,2,3,1,137.37
Delhi,872,1,2,41,28.4,12,0,1,1,10.0
Bangalore,4135,1,1,10,20.8,18,0,7,1,406.19
Nagpur,3041,4,3,38,10.6,5,2,1,1,139.43
Hyderabad,4110,2,2,42,15.5,3,0,9,0,324.22
Bangalore,2192,3,1,30,19.7,2,1,1,1,149.57
Chennai,605,1,3,16,15.8,2,2,5,1,69.51
Bangalore,2181,2,2,32,4.5,3,1,7,1,236.88
Nashik,4597,5,2,31,10.0,4,1,3,1,190.53
Nashik,4516,1,3,28,24.3,7,2,9,0,195.96
Hyderabad,3136,2,3,20,26.0,15,1,8,1,276.37
Aurangabad,2637,2,1,20,5.0,2,1,3,1,100.47
Nagpur,3916,3,1,39,28.6,11,1,5,1,165.75
Hyderabad,4945,3,2,22,10.5,7,2,7,1,419.94
Delhi,4030,5,3,5,20.2,12,2,4,1,416.16
Pune,1786,2,3,21,22.8,3,1,5,1,115.98
Nagpur,3679,2,3,49,24.5,13,2,3,0,143.29
Nagpur,4154,3,2,37,28.4,13,2,9,1,209.46
Delhi,2859,1,3,36,10.1,12,1,9,0,325.76
Delhi,944,1,3,44,25.9,5,2,7,0,79.39
Mumbai,535,4,2,7,4.8,16,0,2,1,157.43
Hyderabad,1975,3,1,40,21.4,3,2,7,0,155.91
Delhi,4457,4,1,48,22.5,7,0,7,1,413.04
Nashik,2298,3,2,34,20.7,16,1,5,0,99.05
Chennai,2345,5,3,10,8.3,2,2,9,1,267.87
Pune,1908,2,2,23,26.3,16,1,3,0,106.37
Hyderabad,2208,5,1,48,5.9,8,1,4,0,189.14
Kolkata,3438,3,1,20,2.6,1,1,1,1,211.73
Nashik,1800,2,2,1,21.8,12,1,6,0,94.01
Aurangabad,1743,1,2,39,14.8,19,1,4,0,75.45
Delhi,4476,1,1,18,25.6,1,2,1,0,331.5
Kolkata,3597,4,2,38,12.1,19,0,2,0,239.11
Delhi,509,3,1,27,5.9,10,2,3,0,77.11
Nagpur,2925,3,2,16,25.3,14,2,9,1,172.24
Nashik,2160,1,2,5,16.9,10,2,8,0,121.68
Nagpur,3131,5,2,18,6.5,2,2,7,0,180.2
Mumbai,1572,2,1,37,21.9,2,0,4,1,118.87
Nagpur,3725,5,2,27,15.8,11,2,1,1,169.2
Mumbai,1816,5,1,1,18.5,4,1,8,1,292.2
Mumbai,4645,1,1,37,14.4,19,2,4,0,496.68
Kolkata,4183,1,2,36,25.0,6,2,3,0,225.8
Delhi,3773,1,2,3,25.1,6,0,9,0,387.05
Aurangabad,645,4,1,21,21.6,12,0,4,0,35.13
Nagpur,3540,5,1,25,4.1,8,1,4,1,191.17
Nashik,1962,3,3,48,25.3,12,2,9,1,99.01
Mumbai,2084,2,1,42,20.5,11,2,2,0,158.93
Delhi,982,4,3,35,21.2,12,2,5,0,130.44
Pune,3679,3,3,12,11.5,9,1,4,0,237.88
Hyderabad,1749,5,3,31,26.5,0,0,9,0,154.38
Kolkata,1130,1,2,16,22.0,7,1,5,1,76.61
Aurangabad,1161,5,2,40,4.3,15,2,9,1,100.22
Bangalore,4003,2,1,35,12.8,12,0,9,0,373.99
Kolkata,3352,4,3,45,26.7,2,0,2,1,177.14
Pune,2966,4,2,18,2.4,2,1,9,0,238.29
Hyderabad,1487,2,2,34,28.9,4,0,3,0,53.92
Pune,2046,3,2,45,20.7,10,0,4,1,108.97
Nagpur,1149,3,2,39,19.3,6,2,1,0,32.93
Mumbai,1468,4,2,27,8.8,9,2,1,1,175.71
Aurangabad,3137,4,3,0,8.2,9,0,1,0,130.63
Chennai,1600,1,3,41,28.3,19,0,9,1,137.92
Mumbai,940,3,3,17,9.6,1,1,8,0,178.64
Chennai,1269,2,3,47,23.5,2,1,5,1,74.31
Hyderabad,1843,3,1,39,12.4,7,0,5,0,150.56
Delhi,4858,1,3,32,5.0,10,2,9,0,508.22
Bangalore,4229,4,2,11,1.3,12,0,3,1,426.39
Nashik,4406,4,3,7,16.8,6,0,3,0,171.9
Mumbai,2077,1,1,23,29.3,12,2,7,1,235.99
Aurangabad,4508,2,2,15,11.7,1,2,9,1,202.42
Pune,3851,4,3,49,11.4,5,1,6,0,233.58
Aurangabad,2849,5,3,3,11.0,8,1,2,0,115.23
Hyderabad,4102,4,3,37,16.1,19,1,1,0,298.76
Chennai,1741,5,2,43,13.8,1,1,2,0,109.19
Pune,1625,1,2,26,26.5,17,2,1,1,67.28
Nashik,3101,1,1,8,15.7,15,0,9,0,159.05
Nashik,1690,4,2,46,15.7,11,1,8,0,97.37
Mumbai,4631,3,2,15,5.0,6,1,7,0,567.82
Hyderabad,4948,5,3,11,29.5,6,2,3,1,356.9
Delhi,572,2,2,30,8.2,16,2,8,0,147.6
Hyderabad,2414,4,3,23,3.1,12,0,2,1,212.92
Chennai,2972,2,3,13,20.2,10,0,2,0,194.25
Aurangabad,3546,4,2,44,18.3,5,2,3,1,127.68
Nashik,1207,3,1,24,13.0,13,1,7,0,79.6
Aurangabad,2304,3,1,33,13.2,5,1,1,0,71.83
Aurangabad,4213,3,2,2,23.8,5,1,8,1,179.5
Aurangabad,3064,3,1,23,6.7,1,0,7,0,133.71
Nashik,2975,1,3,41,24.8,19,1,4,0,111.04
Kolkata,4110,1,3,8,19.8,14,1,5,0,283.93
Nagpur,4755,5,2,25,13.2,16,2,1,1,218.7
Chennai,3323,2,1,19,14.3,7,1,4,0,239.11
Kolkata,2235,4,1,39,8.4,4,2,1,1,124.08
Chennai,2085,4,3,9,22.8,16,1,1,1,166.63
Pune,566,1,2,18,15.9,19,0,1,1,34.37
Hyderabad,3561,4,1,2,10.3,0,1,7,0,314.63
Hyderabad,2928,1,2,23,18.3,17,1,7,1,267.63
Bangalore,4653,5,1,4,29.9,14,2,4,1,385.96
Hyderabad,841,2,3,2,13.6,4,2,2,0,84.46
Nashik,3274,5,3,26,27.7,6,2,3,1,139.28
Delhi,3317,3,2,15,11.0,17,1,8,1,408.05
Mumbai,3161,3,3,48,2.6,5,1,8,0,394.47
Bangalore,1732,3,1,14,6.9,4,0,6,0,183.98
Mumbai,4374,5,3,34,13.1,18,1,9,1,585.13
Chennai,2901,4,2,11,7.4,9,0,9,0,296.65
Mumbai,1994,2,2,40,1.0,14,2,4,0,251.33
Mumbai,4711,3,2,43,27.5,9,2,1,0,400.12
Bangalore,1161,3,1,25,25.5,15,2,1,1,90.55
Pune,4383,3,1,46,22.5,11,0,5,1,247.49
Aurangabad,4119,2,1,33,5.9,17,1,2,0,149.26
Hyderabad,2368,3,1,22,4.5,0,2,6,1,227.41
Hyderabad,2834,2,1,30,3.0,15,1,7,0,271.07
Nashik,3874,3,3,49,22.0,5,1,1,0,131.3
Bangalore,1516,5,1,19,27.9,2,2,6,0,140.58
Nashik,4906,5,1,11,13.5,1,0,8,0,229.78
Delhi,707,2,3,22,4.5,1,1,5,0,115.66
Delhi,3165,5,1,3,15.9,12,2,7,1,381.44
Nashik,2993,2,2,22,11.1,8,1,6,1,164.87
Bangalore,1132,5,1,47,11.9,15,1,4,1,126.23
Nashik,2602,5,1,47,19.0,4,1,7,1,118.91
Hyderabad,3459,2,2,0,21.8,6,1,9,0,329.79
Kolkata,3583,4,2,24,4.2,12,1,7,0,273.09
Nagpur,2431,5,2,1,2.0,19,0,5,1,172.69
Mumbai,4219,3,2,29,29.8,12,0,7,1,438.38
Nagpur,3062,4,1,2,7.7,6,2,3,0,168.54
Bangalore,2179,2,2,20,2.6,9,0,2,0,197.54
Nagpur,736,4,2,24,6.5,14,0,5,0,71.21
Delhi,4943,1,3,19,2.1,5,0,4,1,495.53
Chennai,2040,1,2,48,12.4,4,1,5,0,142.5
Mumbai,4443,5,2,21,24.3,1,1,8,0,506.21
Aurangabad,863,5,3,20,10.9,14,2,4,1,63.47
Bangalore,2868,3,3,32,13.9,15,2,9,1,310.1
Mumbai,785,4,1,37,20.6,18,2,7,1,161.56
Nagpur,648,1,3,14,15.8,8,1,7,0,65.35
Delhi,4537,5,1,45,26.0,18,0,8,0,427.88
Pune,2266,4,3,14,26.1,6,0,6,1,157.92
Kolkata,1512,5,3,45,1.3,3,1,8,0,143.95
Aurangabad,3331,5,1,24,23.6,2,2,3,0,118.38
Kolkata,3007,1,3,20,14.4,19,2,1,0,192.37
Mumbai,2023,1,1,23,29.7,10,2,6,1,206.62
Delhi,3285,5,3,4,15.0,0,1,1,1,316.53
Delhi,3056,2,2,5,29.6,5,2,9,0,333.21
Nagpur,4225,5,3,48,22.9,10,2,2,0,175.97
Hyderabad,2101,5,1,42,8.2,0,1,2,0,141.88
Nagpur,2908,3,3,47,16.6,6,0,7,0,133.74
Hyderabad,840,3,1,43,29.8,5,1,2,1,10.0
Hyderabad,3317,3,1,46,25.9,13,1,8,1,252.23
Aurangabad,2996,2,2,22,3.8,1,1,6,0,130.67
Nagpur,2225,2,2,3,21.5,3,1,7,0,119.65
Pune,2189,5,1,26,11.0,10,0,7,1,181.13
Nashik,3767,3,3,17,1.2,14,2,6,0,201.31
Nashik,4906,2,1,20,12.7,17,1,9,1,256.34
Nagpur,761,1,1,27,7.8,0,0,9,0,52.26
Nagpur,1942,5,3,34,24.7,2,2,7,1,108.03
Kolkata,905,4,3,21,10.8,2,2,9,0,118.62
Aurangabad,2690,5,3,39,25.0,6,2,3,0,88.31
Nagpur,4937,4,3,22,1.0,0,1,3,1,246.54
Kolkata,743,3,1,2,9.9,10,1,1,1,69.48
Hyderabad,4607,4,1,39,8.0,5,2,5,0,373.62
Delhi,1060,3,2,49,7.8,19,2,4,0,134.63
Delhi,4637,1,1,9,3.0,2,2,2,1,436.74
Hyderabad,3225,4,3,24,6.4,18,2,9,1,353.5
Bangalore,1093,5,2,48,17.1,1,2,3,0,73.7
Kolkata,2326,3,3,7,9.4,17,2,8,0,217.85
Kolkata,3729,5,1,10,13.1,11,0,6,1,280.5
Hyderabad,3787,2,2,4,11.9,9,2,5,1,335.8
Pune,4573,3,3,44,26.4,4,1,1,1,222.32
Chennai,633,4,2,36,27.3,8,1,4,1,41.84
